LineId,DateTime,Name,message
1,"[8/12/17, 10:26:47 AM",Divya, <NASCII>Missed voice call
2,"[8/13/17, 10:01:38 AM",Divya, Em dng
3,"[8/14/17, 1:33:10 PM",Divya, Emi chechi
4,"[8/14/17, 1:33:28 PM",Tejaswini, <NASCII>image omitted
5,"[8/14/17, 1:33:39 PM",Divya, Ohh
6,"[8/14/17, 1:33:53 PM",Divya, Emi spcl
7,"[8/14/17, 5:08:04 PM",Tejaswini, Pabbi
8,"[8/14/17, 11:14:28 PM",Divya, Haa
9,"[8/15/17, 1:28:06 PM",Divya, <NASCII>Missed voice call
10,"[8/15/17, 1:40:02 PM",Tejaswini, Der pabbi
11,"[8/15/17, 2:08:42 PM",Divya, <NASCII>Missed voice call
12,"[8/15/17, 2:37:30 PM",Divya, Msg me
13,"[8/15/17, 2:38:05 PM",Divya, Vanuku osthundhi naaku
14,"[8/15/17, 2:39:22 PM",Divya, Der
15,"[8/15/17, 2:39:30 PM",Tejaswini, Hahhaha endhaka by mistake cal vachindi
16,"[8/15/17, 2:39:47 PM",Tejaswini, Ne bondha le em bhayapadalu
17,"[8/15/17, 2:40:04 PM",Tejaswini, Pabbi paina pics lo oka pic lo super unnav
18,"[8/15/17, 2:40:09 PM",Divya, Hmm..
19,"[8/15/17, 2:40:14 PM",Divya, Edhi
20,"[8/15/17, 2:40:32 PM",Tejaswini, <NASCII>image omitted
21,"[8/15/17, 2:40:47 PM",Tejaswini, Chala homely n near ga unnav
22,"[8/15/17, 2:40:56 PM",Divya, Haaa Naaku nachindhe
23,"[8/15/17, 2:41:22 PM",Divya, Asala matter cheppale
24,"[8/15/17, 2:41:48 PM",Divya, Nenu ear rings konukundham anukuntna
25,"[8/15/17, 2:41:59 PM",Divya, Any models
26,"[8/15/17, 2:42:18 PM",Divya, Like buttalu and all
27,"[8/15/17, 2:42:24 PM",Divya, Cz vi
28,"[8/15/17, 2:42:50 PM",Tejaswini, Wait
29,"[8/15/17, 2:42:59 PM",Tejaswini, Evala mrng ye chusa
30,"[8/15/17, 2:43:06 PM",Divya, K
31,"[8/15/17, 2:47:59 PM",Tejaswini, <NASCII>image omitted
32,"[8/15/17, 2:48:00 PM",Tejaswini, <NASCII>image omitted
33,"[8/15/17, 2:48:10 PM",Tejaswini, E typ kavala czts ante
34,"[8/15/17, 2:49:36 PM",Divya, Yaa
35,"[8/15/17, 2:51:40 PM",Divya, Chand Bali Aina k
36,"[8/16/17, 10:26:24 PM",Divya, Emi chechi
37,"[8/16/17, 10:48:25 PM",Tejaswini, <NASCII>image omitted
38,"[8/17/17, 7:12:50 PM",Tejaswini, <NASCII>Contact card omitted
39,"[8/17/17, 7:12:50 PM",Tejaswini, My new num
40,"[8/17/17, 10:43:13 PM",Divya, K done
41,"[8/18/17, 9:52:58 AM",Divya, <NASCII>Missed voice call
42,"[8/18/17, 11:05:32 AM",Tejaswini, Der
43,"[8/19/17, 8:59:16 AM",Divya, Der
44,"[8/21/17, 1:27:38 PM",Tejaswini, Der pabbi
45,"[8/21/17, 1:37:33 PM",Tejaswini, <NASCII>video omitted
46,"[8/21/17, 1:57:19 PM",Divya, <NASCII>Missed voice call
47,"[8/21/17, 2:15:49 PM",Tejaswini, <NASCII>image omitted
48,"[8/21/17, 2:17:22 PM",Divya, Naa thalle Kallu thiragaldhe
49,"[8/21/17, 2:19:05 PM",Tejaswini, Hahah no
50,"[8/21/17, 2:19:35 PM",Tejaswini, Po they pothundi pranam anthey kadha ani full positive tho chesa <NASCII>
51,"[8/21/17, 2:43:39 PM",Tejaswini, <NASCII>image omitted
52,"[8/21/17, 2:43:39 PM",Tejaswini, <NASCII>image omitted
53,"[8/21/17, 10:08:56 PM",Divya, Eclipse chudadaniki janam
54,"[8/29/17, 1:22:58 PM",Divya, Der
55,"[8/30/17, 10:06:04 AM",Tejaswini, Chinnodiki happy 1st birthday <NASCII>
56,"[8/31/17, 1:26:13 PM",Tejaswini, Der
57,"[8/31/17, 1:59:35 PM",Divya, <NASCII>image omitted
58,"[8/31/17, 2:01:43 PM",Divya, Chinnodu car
59,"[8/31/17, 2:02:59 PM",Tejaswini, Super undhe
60,"[8/31/17, 2:03:02 PM",Tejaswini, Vaadi car
61,"[8/31/17, 2:04:46 PM",Tejaswini, Chinnodu kuda bagunade e pic lo
62,"[8/31/17, 2:08:47 PM",Divya, <NASCII>
63,"[8/31/17, 2:34:50 PM",Divya, Audi logo baaga ochindhe
64,"[8/31/17, 2:35:07 PM",Tejaswini, Yaaa
65,"[8/31/17, 2:35:12 PM",Tejaswini, Chala bagundhi
66,"[8/31/17, 8:51:52 PM",Divya, <NASCII>image omitted
67,"[8/31/17, 8:51:52 PM",Divya, <NASCII>image omitted
68,"[8/31/17, 8:51:53 PM",Divya, <NASCII>image omitted
69,"[8/31/17, 8:51:54 PM",Divya, <NASCII>image omitted
70,"[8/31/17, 8:51:54 PM",Divya, <NASCII>image omitted
71,"[8/31/17, 9:42:43 PM",Tejaswini, I want to c ur saree
72,"[8/31/17, 11:32:58 PM",Divya, No pics
73,"[8/31/17, 11:33:37 PM",Tejaswini, Y
74,"[8/31/17, 11:33:43 PM",Tejaswini, Not even single
75,"[8/31/17, 11:34:04 PM",Divya, Inka soft copy teesukoldhu
76,"[8/31/17, 11:34:21 PM",Divya, Ivi oka uncle teesaru
77,"[8/31/17, 11:34:52 PM",Tejaswini, Ohoo k baga theeaaru pics normal phone lova
78,"[8/31/17, 11:35:02 PM",Divya, Yaa
79,"[8/31/17, 11:35:36 PM",Tejaswini, Chinarajappa meeku relatives aa
80,"[8/31/17, 11:35:47 PM",Divya, Kadhe
81,"[8/31/17, 11:35:56 PM",Divya, Maa daddy ki telusu
82,"[8/31/17, 11:36:26 PM",Tejaswini, Mari bday ki kuda vasthey doubt vachindi
83,"[8/31/17, 11:36:41 PM",Tejaswini, Avnu hw was d bday finally
84,"[8/31/17, 11:41:36 PM",Divya, <NASCII>
85,"[8/31/17, 11:42:04 PM",Divya, As usual naa koduku stage paina full crying
86,"[8/31/17, 11:44:20 PM",Tejaswini, Guests andharu vachara
87,"[8/31/17, 11:44:26 PM",Tejaswini, Wht abt fud
88,"[8/31/17, 11:45:58 PM",Divya, Yaaa.. anukunna estimation Kante ekkuva ocharu.. Taste was gud anta..but last lo saripole
89,"[8/31/17, 11:46:54 PM",Tejaswini, Ayyooo
90,"[9/1/17, 9:41:53 AM",Tejaswini, Der
91,"[9/1/17, 9:42:01 AM",Divya, Yes
92,"[9/1/17, 9:42:09 AM",Tejaswini, Nuv thappa andharu kanipisthunaru aa pics lo
93,"[9/1/17, 9:42:15 AM",Divya, Hahah
94,"[9/1/17, 9:42:23 AM",Divya, Evaroo teesaru
95,"[9/1/17, 9:42:57 AM",Tejaswini, Avnu nuv ela ready ayav vala dhaniki bhaga ayyava me dhanika
96,"[9/1/17, 9:43:20 AM",Tejaswini, Decoration bhaga chesara
97,"[9/1/17, 9:43:39 AM",Divya, Emoneee
98,"[9/1/17, 9:43:53 AM",Divya, Haa.. adhi super
99,"[9/1/17, 9:44:15 AM",Tejaswini, Ya adhe chala bagundi decoration
100,"[9/1/17, 9:44:33 AM",Divya, Haa
101,"[9/1/17, 9:44:51 AM",Divya, Cake kuda super
102,"[9/1/17, 9:45:09 AM",Tejaswini, Avna long shot lo sariga kanipiyatledhu
103,"[9/1/17, 9:45:32 AM",Tejaswini, Soft copies evaledha inka
104,"[9/1/17, 10:00:07 AM",Divya, Ledhe
105,"[9/1/17, 11:15:39 AM",Divya, <NASCII>image omitted
106,"[9/1/17, 11:15:40 AM",Divya, <NASCII>image omitted
107,"[9/1/17, 11:16:47 AM",Divya, Buddi Vespa
108,"[9/1/17, 11:25:18 AM",Divya, <NASCII>image omitted
109,"[9/1/17, 11:50:45 AM",Tejaswini, Cute undi
110,"[9/1/17, 12:39:38 PM",Divya, <NASCII>image omitted
111,"[9/1/17, 12:40:13 PM",Divya, Naa saree Ela under
112,"[9/1/17, 1:07:26 PM",Tejaswini, Ekada kanipinchinde ne saree
113,"[9/1/17, 1:07:43 PM",Divya, <NASCII>image omitted
114,"[9/1/17, 1:10:54 PM",Tejaswini, Color ekkuvaga dark chesinde ninnu
115,"[9/1/17, 1:11:04 PM",Tejaswini, Andhuke waiting for soft copies
116,"[9/1/17, 1:11:07 PM",Divya, Hmm..
117,"[9/2/17, 9:25:55 PM",Tejaswini, <NASCII>image omitted
118,"[9/2/17, 9:26:13 PM",Tejaswini, Pabbi chinnodu n me are matching matching
119,"[9/2/17, 11:52:51 PM",Divya, Hehe
120,"[9/3/17, 11:54:39 AM",Tejaswini, Hii
121,"[9/3/17, 11:54:48 AM",Tejaswini, Soft copies vachaya ne
122,"[9/3/17, 11:59:50 AM",Divya, Haq
123,"[9/3/17, 12:41:46 PM",Divya, <NASCII>image omitted
124,"[9/3/17, 12:42:04 PM",Divya, <NASCII>image omitted
125,"[9/3/17, 12:42:06 PM",Divya, Ashish
126,"[9/3/17, 12:42:34 PM",Divya, Naidupeta Naidu
127,"[9/3/17, 2:10:10 PM",Divya, <NASCII>image omitted
128,"[9/3/17, 2:10:11 PM",Divya, <NASCII>image omitted
129,"[9/3/17, 2:10:13 PM",Divya, <NASCII>image omitted
130,"[9/3/17, 2:10:16 PM",Divya, <NASCII>image omitted
131,"[9/3/17, 2:10:17 PM",Divya, <NASCII>image omitted
132,"[9/3/17, 2:10:19 PM",Divya, <NASCII>image omitted
133,"[9/3/17, 2:10:21 PM",Divya, <NASCII>image omitted
134,"[9/3/17, 2:13:57 PM",Divya, <NASCII>image omitted
135,"[9/3/17, 2:13:58 PM",Divya, <NASCII>image omitted
136,"[9/3/17, 2:13:59 PM",Divya, <NASCII>image omitted
137,"[9/3/17, 2:14:00 PM",Divya, <NASCII>image omitted
138,"[9/3/17, 2:14:00 PM",Divya, <NASCII>image omitted
139,"[9/3/17, 2:14:01 PM",Divya, <NASCII>image omitted
140,"[9/3/17, 2:14:02 PM",Divya, <NASCII>image omitted
141,"[9/3/17, 2:14:03 PM",Divya, <NASCII>image omitted
142,"[9/3/17, 2:14:04 PM",Divya, <NASCII>image omitted
143,"[9/3/17, 2:14:05 PM",Divya, <NASCII>image omitted
144,"[9/3/17, 2:14:06 PM",Divya, <NASCII>image omitted
145,"[9/3/17, 2:14:06 PM",Divya, <NASCII>image omitted
146,"[9/3/17, 2:14:07 PM",Divya, <NASCII>image omitted
147,"[9/3/17, 2:14:08 PM",Divya, <NASCII>image omitted
148,"[9/3/17, 2:14:09 PM",Divya, <NASCII>image omitted
149,"[9/3/17, 2:14:09 PM",Divya, <NASCII>image omitted
150,"[9/3/17, 2:14:10 PM",Divya, <NASCII>image omitted
151,"[9/3/17, 2:14:11 PM",Divya, <NASCII>image omitted
152,"[9/3/17, 2:14:12 PM",Divya, <NASCII>image omitted
153,"[9/3/17, 2:14:13 PM",Divya, <NASCII>image omitted
154,"[9/3/17, 2:14:14 PM",Divya, <NASCII>image omitted
155,"[9/3/17, 2:14:15 PM",Divya, <NASCII>image omitted
156,"[9/3/17, 2:14:16 PM",Divya, <NASCII>image omitted
157,"[9/3/17, 2:14:18 PM",Divya, <NASCII>image omitted
158,"[9/3/17, 2:14:20 PM",Divya, <NASCII>image omitted
159,"[9/3/17, 2:14:21 PM",Divya, <NASCII>image omitted
160,"[9/3/17, 2:14:22 PM",Divya, <NASCII>image omitted
161,"[9/3/17, 2:14:24 PM",Divya, <NASCII>image omitted
162,"[9/3/17, 2:14:25 PM",Divya, <NASCII>image omitted
163,"[9/3/17, 2:14:27 PM",Divya, <NASCII>image omitted
164,"[9/3/17, 2:14:28 PM",Divya, <NASCII>image omitted
165,"[9/3/17, 2:14:30 PM",Divya, <NASCII>image omitted
166,"[9/3/17, 2:14:30 PM",Divya, <NASCII>image omitted
167,"[9/3/17, 2:14:32 PM",Divya, <NASCII>image omitted
168,"[9/3/17, 2:14:33 PM",Divya, <NASCII>image omitted
169,"[9/3/17, 2:14:35 PM",Divya, <NASCII>image omitted
170,"[9/3/17, 2:14:37 PM",Divya, <NASCII>image omitted
171,"[9/3/17, 2:14:38 PM",Divya, <NASCII>image omitted
172,"[9/3/17, 2:14:39 PM",Divya, <NASCII>image omitted
173,"[9/3/17, 2:14:40 PM",Divya, <NASCII>image omitted
174,"[9/3/17, 2:14:42 PM",Divya, <NASCII>image omitted
175,"[9/3/17, 2:14:44 PM",Divya, <NASCII>image omitted
176,"[9/3/17, 2:14:45 PM",Divya, <NASCII>image omitted
177,"[9/3/17, 2:14:45 PM",Divya, <NASCII>image omitted
178,"[9/3/17, 2:14:47 PM",Divya, <NASCII>image omitted
179,"[9/3/17, 2:14:48 PM",Divya, <NASCII>image omitted
180,"[9/3/17, 2:14:50 PM",Divya, <NASCII>image omitted
181,"[9/3/17, 2:14:52 PM",Divya, <NASCII>image omitted
182,"[9/3/17, 2:14:53 PM",Divya, <NASCII>image omitted
183,"[9/3/17, 2:14:54 PM",Divya, <NASCII>image omitted
184,"[9/3/17, 2:14:55 PM",Divya, <NASCII>image omitted
185,"[9/3/17, 2:14:57 PM",Divya, <NASCII>image omitted
186,"[9/3/17, 2:14:58 PM",Divya, <NASCII>image omitted
187,"[9/3/17, 2:15:00 PM",Divya, <NASCII>image omitted
188,"[9/3/17, 2:15:01 PM",Divya, <NASCII>image omitted
189,"[9/3/17, 2:15:03 PM",Divya, <NASCII>image omitted
190,"[9/3/17, 2:15:04 PM",Divya, <NASCII>image omitted
191,"[9/3/17, 2:15:05 PM",Divya, <NASCII>image omitted
192,"[9/3/17, 2:15:06 PM",Divya, <NASCII>image omitted
193,"[9/3/17, 2:15:07 PM",Divya, <NASCII>image omitted
194,"[9/3/17, 2:16:49 PM",Divya, Der
195,"[9/3/17, 11:35:16 PM",Tejaswini, Pabbi nice pics
196,"[9/3/17, 11:35:37 PM",Tejaswini, <NASCII>image omitted
197,"[9/4/17, 3:56:26 AM",Divya, Haa.. adhi okkate bavundhi
198,"[9/4/17, 9:20:58 AM",Tejaswini, Makeup baledhu
199,"[9/5/17, 8:56:29 AM",Tejaswini, Der
200,"[9/5/17, 10:42:51 AM",Divya, Yes
201,"[9/5/17, 10:45:45 AM",Divya, <NASCII>Missed voice call
202,"[9/5/17, 2:43:55 PM",Divya, Clg aipoyi??
203,"[9/5/17, 2:51:08 PM",Tejaswini, No
204,"[9/5/17, 2:51:16 PM",Tejaswini, Prasthutham kaali
205,"[9/5/17, 2:52:40 PM",Divya, Hmm
206,"[9/5/17, 2:52:54 PM",Divya, Andharu bojjuni
207,"[9/5/17, 2:53:01 PM",Divya, Shhhhh
208,"[9/5/17, 2:53:09 PM",Divya, <NASCII>
209,"[9/5/17, 2:53:12 PM",Divya, <NASCII>
210,"[9/5/17, 2:54:15 PM",Divya, Inkaa
211,"[9/5/17, 2:54:20 PM",Tejaswini, Ayyooo
212,"[9/7/17, 11:37:58 AM",Tejaswini, Pabbi der
213,"[9/8/17, 9:38:46 AM",Divya, <NASCII>image omitted
214,"[9/8/17, 9:38:47 AM",Divya, <NASCII>image omitted
215,"[9/8/17, 9:38:48 AM",Divya, <NASCII>image omitted
216,"[9/8/17, 9:38:49 AM",Divya, <NASCII>image omitted
217,"[9/8/17, 9:38:50 AM",Divya, <NASCII>image omitted
218,"[9/8/17, 9:38:51 AM",Divya, <NASCII>image omitted
219,"[9/8/17, 9:38:52 AM",Divya, <NASCII>image omitted
220,"[9/8/17, 9:38:53 AM",Divya, <NASCII>image omitted
221,"[9/8/17, 9:38:54 AM",Divya, <NASCII>image omitted
222,"[9/8/17, 9:38:55 AM",Divya, <NASCII>image omitted
223,"[9/8/17, 9:40:23 AM",Divya, <NASCII>image omitted
224,"[9/12/17, 8:40:38 AM",Divya, <NASCII>image omitted
225,"[9/12/17, 8:40:49 AM",Divya, Maa bava kuthuru
226,"[9/12/17, 9:02:49 AM",Tejaswini, Avinash bava na
227,"[9/12/17, 9:02:57 AM",Tejaswini, Chala bagundi
228,"[9/12/17, 9:15:38 AM",Divya, Yaa
229,"[9/15/17, 1:20:37 PM",Tejaswini, Hii pabbi
230,"[9/15/17, 1:20:41 PM",Tejaswini, Wassup
231,"[9/15/17, 1:33:18 PM",Divya, In big boss house<NASCII>
232,"[9/15/17, 1:33:44 PM",Divya, For 15 days
233,"[9/16/17, 8:40:14 PM",Tejaswini, Hii pabbi
234,"[9/16/17, 10:31:46 PM",Divya, Hii ye
235,"[9/24/17, 12:54:08 PM",Tejaswini, Pabbi der
236,"[9/24/17, 1:26:27 PM",Divya, Hii ye
237,"[9/24/17, 2:09:08 PM",Tejaswini, Bday photo shoot aa
238,"[9/24/17, 2:09:19 PM",Divya, Yaa
239,"[9/24/17, 2:09:30 PM",Tejaswini, Epudu vachaya pics??
240,"[9/24/17, 2:09:55 PM",Divya, Ninna aindhi shoot
241,"[9/24/17, 2:14:23 PM",Tejaswini, Ohhh avna
242,"[9/24/17, 2:15:11 PM",Tejaswini, Antha bagundi kani nuvvu kncham bright dress yedhana vesinte bagundedhi
243,"[9/24/17, 2:16:23 PM",Divya, Hmm... vaadini highlight cheyadaniki Memu light colour veyalsi ochindhi
244,"[9/24/17, 2:20:54 PM",Tejaswini, But me dp pic and me vaadu super unnay
245,"[9/24/17, 2:21:49 PM",Tejaswini, Pabbi ne hair chala perigindi ya
246,"[9/24/17, 11:23:36 PM",Divya, Shannam aindhi baaga
247,"[9/24/17, 11:24:09 PM",Divya, <NASCII>Missed video call
248,"[9/24/17, 11:24:41 PM",Divya, <NASCII>Missed voice call
249,"[9/26/17, 12:24:40 PM",Divya, <NASCII>audio omitted
250,"[10/4/17, 11:34:26 PM",Divya, Hii ye
251,"[10/8/17, 11:58:35 PM",Divya, <NASCII>Divya's security code changed.
252,"[10/9/17, 10:14:19 AM",Divya, <NASCII>Divya's security code changed.
253,"[10/9/17, 10:14:19 AM",Divya, <NASCII>Missed voice call
254,"[10/9/17, 10:14:42 AM",Divya, <NASCII>Missed voice call
255,"[10/9/17, 10:15:15 AM",Divya, <NASCII>Missed voice call
256,"[10/13/17, 12:50:53 AM",Divya, <NASCII>image omitted
257,"[10/13/17, 12:51:39 AM",Divya, <NASCII>image omitted
258,"[10/13/17, 6:54:02 AM",Tejaswini, Hahaha pabbi whr did u get dis from
259,"[10/13/17, 8:31:30 AM",Divya, Someone posted in d1group
260,"[10/13/17, 8:31:54 AM",Divya, https://gitstats.otakud.in/c/12105101
261,"[10/13/17, 9:06:09 AM",Tejaswini, <NASCII>image omitted
262,"[10/16/17, 9:55:28 AM",Divya, <NASCII>Divya's security code changed.
263,"[10/19/17, 2:33:38 AM",Divya, <NASCII>Divya's security code changed.
264,"[10/20/17, 12:55:20 PM",Tejaswini, <NASCII>video omitted
265,"[10/21/17, 2:11:45 PM",Divya, <NASCII>Divya's security code changed.
266,"[10/23/17, 11:24:33 PM",Divya, Hiiii ye
267,"[10/29/17, 2:35:53 PM",Tejaswini, Pabbi wish u many many happy returns of day <NASCII>
268,"[10/29/17, 2:46:20 PM",Divya, Thanks da
269,"[11/1/17, 7:46:06 AM",Divya, Der
270,"[11/3/17, 10:49:51 AM",Divya, <NASCII>image omitted
271,"[11/3/17, 10:49:52 AM",Divya, <NASCII>image omitted
272,"[11/3/17, 10:50:38 AM",Divya, Ma aavida deyyam <NASCII>
273,"[11/3/17, 10:59:08 AM",Tejaswini, Hahaha pabbi
274,"[11/3/17, 11:00:46 AM",Divya, Ha mi pabbi ney
275,"[11/3/17, 11:01:49 AM",Divya, Evil pabbi
276,"[11/5/17, 1:04:05 PM",Tejaswini, Der
277,"[11/5/17, 1:04:23 PM",Divya, Yaaa
278,"[11/5/17, 1:04:29 PM",Divya, Wat dng
279,"[11/5/17, 1:04:39 PM",Tejaswini, Nthng reading
280,"[11/5/17, 1:04:48 PM",Tejaswini, Taking break <NASCII>
281,"[11/5/17, 1:05:41 PM",Divya, Xams ahh??
282,"[11/5/17, 1:06:25 PM",Tejaswini, Yes
283,"[11/5/17, 1:06:36 PM",Tejaswini, Prathi week untondi mids
284,"[11/5/17, 1:06:56 PM",Divya, Ohh
285,"[11/5/17, 1:07:01 PM",Tejaswini, Bday cake ela undi
286,"[11/5/17, 1:07:13 PM",Divya, Every Monday ahh??
287,"[11/5/17, 1:07:27 PM",Divya, Yummy yummy<NASCII>
288,"[11/5/17, 1:07:31 PM",Tejaswini, Monday n tueday kuda undi
289,"[11/5/17, 1:07:37 PM",Divya, Ohh
290,"[11/5/17, 1:07:50 PM",Tejaswini, Chusthey ne thelusthondi
291,"[11/5/17, 1:08:14 PM",Divya, Nooo weekend parties ahh Nly xams ahh
292,"[11/5/17, 1:10:07 PM",Tejaswini, Last week full party
293,"[11/5/17, 1:10:21 PM",Tejaswini, E week studies mrng to aftrnun
294,"[11/5/17, 1:11:53 PM",Divya, Ohh
295,"[11/6/17, 12:21:43 PM",Divya, Der
296,"[11/12/17, 12:17:18 AM",Divya, Der
297,"[11/12/17, 8:47:41 AM",Tejaswini, Ya
298,"[11/12/17, 8:58:57 PM",Divya, <NASCII>Missed voice call
299,"[11/12/17, 9:03:28 PM",Tejaswini, <NASCII>image omitted
300,"[11/12/17, 9:27:45 PM",Tejaswini, <NASCII>image omitted
301,"[11/12/17, 9:33:48 PM",Divya, Madhuri ente
302,"[11/12/17, 9:34:17 PM",Divya, Valla AYANA thappa andharitho digindhi
303,"[11/12/17, 9:52:06 PM",Divya, <NASCII>image omitted
304,"[11/12/17, 9:52:06 PM",Divya, <NASCII>image omitted
305,"[11/12/17, 9:54:12 PM",Divya, <NASCII>video omitted
306,"[11/19/17, 1:02:42 PM",Divya, Saw unnadhi okate jindagi movie na??
307,"[11/19/17, 1:15:13 PM",Tejaswini, Yes
308,"[11/19/17, 1:15:15 PM",Tejaswini, Y
309,"[11/19/17, 1:16:02 PM",Divya, Andhulo Vasu character chesinodu Babbu Laga anipisthadu kadha
310,"[11/19/17, 1:16:21 PM",Tejaswini, Vasu ante evaru
311,"[11/19/17, 1:16:24 PM",Tejaswini, Frnd aaa
312,"[11/19/17, 1:16:36 PM",Divya, Ya
313,"[11/19/17, 1:16:40 PM",Divya, Sri Vishnu
314,"[11/19/17, 1:17:54 PM",Tejaswini, Ohh no ne
315,"[11/19/17, 1:18:04 PM",Tejaswini, Vishnu is completely diff
316,"[11/19/17, 1:18:18 PM",Divya, Hmmm
317,"[11/19/17, 3:06:09 PM",Divya, Character kadhe
318,"[11/19/17, 3:06:17 PM",Divya, Chudataniki
319,"[11/19/17, 3:06:23 PM",Divya, Style
320,"[11/19/17, 3:06:28 PM",Divya, Silence
321,"[11/21/17, 7:27:16 AM",Divya, <NASCII>Missed voice call
322,"[11/22/17, 3:39:02 AM",Divya, <NASCII>image omitted
323,"[11/24/17, 10:52:40 PM",Divya, Hey busy girl U der
324,"[11/25/17, 6:05:15 AM",Divya, <NASCII>image omitted
325,"[11/25/17, 12:15:39 PM",Tejaswini, Wow she is pretty
326,"[11/25/17, 12:25:39 PM",Divya, Yo
327,"[11/27/17, 9:54:47 AM",Divya, <NASCII>Missed voice call
328,"[11/27/17, 12:09:42 PM",Divya, <NASCII>Missed voice call
329,"[12/1/17, 10:07:49 AM",Divya, <NASCII>Missed voice call
330,"[12/2/17, 4:32:31 AM",Divya, <NASCII>image omitted
331,"[12/2/17, 8:14:06 AM",Tejaswini, Osey chinarajappa son is gud
332,"[12/2/17, 8:14:18 AM",Tejaswini, Not that bad what u xplained
333,"[12/2/17, 8:22:14 AM",Divya, <NASCII>
334,"[12/2/17, 8:23:25 AM",Divya, Pic lo Inka ala Aina unnadu
335,"[12/2/17, 8:23:36 AM",Divya, Reality lo antha bagode
336,"[12/2/17, 8:25:39 AM",Tejaswini, Prasanna husband kanna chala bagunade
337,"[12/2/17, 8:26:03 AM",Divya, Haa...adhi nijame le
338,"[12/2/17, 8:27:24 AM",Tejaswini, Hmm inkenti even amayi is too gud
339,"[12/2/17, 8:27:35 AM",Divya, Yaaaa...
340,"[12/4/17, 11:23:07 AM",Divya, <NASCII>Missed voice call
341,"[12/6/17, 9:49:14 AM",Divya, <NASCII>Missed voice call
342,"[12/10/17, 9:58:52 AM",Divya, <NASCII>Missed voice call
343,"[12/15/17, 11:41:44 AM",Divya, Hello
344,"[12/15/17, 11:42:11 AM",Divya, Call chesava teja
345,"[12/15/17, 11:43:16 AM",Divya, Ramesh here
346,"[12/15/17, 11:56:57 AM",Tejaswini, Ya I cald
347,"[12/15/17, 11:57:03 AM",Tejaswini, Whr r u guys dng
348,"[12/15/17, 11:58:25 AM",Divya, Em undi maku unnadu ga ma battayi gadu <NASCII>
349,"[12/15/17, 11:59:50 AM",Divya, Ni ms Ela saguthundi
350,"[12/15/17, 12:00:58 PM",Tejaswini, Examssss
351,"[12/15/17, 12:02:23 PM",Divya, Good
352,"[12/15/17, 12:02:26 PM",Divya, Enjoy
353,"[12/15/17, 12:02:36 PM",Divya, Mi pabbi came
354,"[12/15/17, 12:03:18 PM",Divya, Hiiii ye
355,"[12/15/17, 12:04:51 PM",Divya, Em dng
356,"[12/22/17, 9:24:07 PM",Divya, Happy wedding anniversary<NASCII>
357,"[1/1/18, 9:31:25 AM",Divya, <NASCII>Missed voice call
358,"[1/1/18, 9:33:28 AM",Divya, Happy New year
359,"[1/1/18, 10:36:59 AM",Tejaswini, Happy new year pabbiiiiii<NASCII>
360,"[1/3/18, 7:50:53 AM",Divya, <NASCII>Missed voice call
361,"[1/3/18, 11:31:53 AM",Tejaswini, Pabbi der
362,"[1/3/18, 12:37:07 PM",Divya, Hiii ye
363,"[1/3/18, 1:46:04 PM",Tejaswini, R u free
364,"[1/4/18, 12:49:13 AM",Divya, <NASCII>image omitted
365,"[1/7/18, 12:55:53 PM",Divya, <NASCII>Missed voice call
366,"[1/14/18, 1:13:56 AM",Divya, <NASCII>Missed voice call
367,"[1/14/18, 1:14:01 AM",Divya, <NASCII>Missed voice call
368,"[1/14/18, 1:19:40 AM",Tejaswini, Happy pongal pabbi <NASCII>
369,"[1/15/18, 11:35:47 AM",Divya, <NASCII>image omitted
370,"[1/15/18, 11:35:48 AM",Divya, <NASCII>image omitted
371,"[1/15/18, 11:36:23 AM",Divya, <NASCII>image omitted
372,"[1/15/18, 11:37:02 AM",Divya, <NASCII>image omitted
373,"[1/15/18, 11:39:12 AM",Divya, <NASCII>image omitted
374,"[1/15/18, 11:41:14 AM",Tejaswini, <NASCII>image omitted
375,"[1/15/18, 11:41:15 AM",Tejaswini, <NASCII>image omitted
376,"[1/15/18, 11:41:15 AM",Tejaswini, <NASCII>image omitted
377,"[1/15/18, 11:41:16 AM",Tejaswini, <NASCII>image omitted
378,"[1/15/18, 11:41:16 AM",Tejaswini, <NASCII>image omitted
379,"[1/25/18, 8:01:53 AM",Tejaswini, Belated wedding anniversary pabbi <NASCII>
380,"[1/25/18, 8:05:15 AM",Divya, Thanq
381,"[1/25/18, 8:17:25 AM",Tejaswini, Sry ye evala 24 th anukuntuna nenu
382,"[1/25/18, 8:18:10 AM",Divya, Parledhe
383,"[1/30/18, 9:55:32 AM",Divya, <NASCII>Missed voice call
384,"[1/31/18, 11:54:17 AM",Tejaswini, Papaaa
385,"[2/4/18, 10:37:59 PM",Tejaswini, *Etihad Airways is giving away 2 Free Tickets* to celebrate its 25th anniversary. Get your free ticets at : http://www.etih<NASCII>d.com/  .
386,"[2/4/18, 11:02:28 PM",Divya, Neeku ochaya
387,"[2/5/18, 7:41:58 AM",Tejaswini, No
388,"[2/6/18, 11:22:58 AM",Divya, Wat dng ma
389,"[2/6/18, 11:39:52 AM",Tejaswini, Papa der
390,"[2/13/18, 10:33:58 AM",Divya, Der??
391,"[2/14/18, 1:03:53 AM",Divya, <NASCII>image omitted
392,"[2/14/18, 6:33:40 AM",Tejaswini, Who r they
393,"[2/14/18, 7:05:18 AM",Divya, Mana senior undedhi kadha
394,"[2/14/18, 7:05:20 AM",Divya, Nithya
395,"[2/14/18, 7:05:33 AM",Divya, Neetho jil table cheppinchindhi
396,"[2/14/18, 7:25:01 AM",Tejaswini, Thanu commited kadha evarithono
397,"[2/14/18, 7:25:32 AM",Divya, Hmm Adhi break up tho
398,"[2/14/18, 7:25:46 AM",Divya, Tarwatha varenya gurthunnada
399,"[2/14/18, 7:26:23 AM",Tejaswini, Ya Adhey varennya tho relation lo unde  last lo aa pille kadha
400,"[2/14/18, 7:27:08 AM",Divya, Haaa
401,"[2/14/18, 7:27:11 AM",Divya, Thane
402,"[2/14/18, 7:27:30 AM",Divya, Last ki evarno Pelli cheskunnadhi
403,"[2/14/18, 7:27:50 AM",Divya, Asala varenya ni cheskuntadhi anukunnam
404,"[2/14/18, 7:28:23 AM",Tejaswini, Adhey kadha varenya luks pretty thanu this guy
405,"[2/14/18, 7:28:54 AM",Divya, Yaaa...
406,"[2/14/18, 7:29:28 AM",Divya, Mundhu v<NASCII>adu antha bagodu kani Varenya tho pair bavundedhi
407,"[2/14/18, 7:32:28 AM",Tejaswini, Yaaa
408,"[2/14/18, 7:32:31 AM",Tejaswini, Anthey
409,"[2/14/18, 7:32:50 AM",Divya, Hmm
410,"[2/14/18, 7:32:52 AM",Divya, Inka
411,"[2/14/18, 7:32:56 AM",Divya, Wat dng
412,"[2/14/18, 7:35:16 AM",Tejaswini, Lechane juz
413,"[2/14/18, 7:35:21 AM",Divya, Hmm
414,"[2/14/18, 7:35:26 AM",Divya, Clg undha
415,"[2/14/18, 7:37:33 AM",Tejaswini, Ya pabbi
416,"[2/14/18, 7:37:54 AM",Divya, Hmm Assignment emaindhi
417,"[2/18/18, 12:28:08 PM",Divya, Emi chechi papa
418,"[2/18/18, 1:06:55 PM",Tejaswini, Chicken vanduthunna
419,"[2/18/18, 1:06:58 PM",Tejaswini, Wbu
420,"[2/18/18, 1:07:31 PM",Divya, Nthng ma
421,"[2/18/18, 1:07:47 PM",Divya, Abt to sleep
422,"[2/18/18, 1:08:31 PM",Tejaswini, Appude
423,"[2/18/18, 1:08:33 PM",Tejaswini, Y
424,"[2/18/18, 1:08:38 PM",Tejaswini, Ramesh unnara
425,"[2/18/18, 1:08:48 PM",Divya, Its 11.40 ma
426,"[2/18/18, 1:08:57 PM",Divya, Haa..unnaru
427,"[2/18/18, 1:09:09 PM",Tejaswini, <NASCII>image omitted
428,"[2/18/18, 1:09:16 PM",Divya, Chittodini bojjo pedthunnaru
429,"[2/18/18, 1:09:18 PM",Tejaswini, Gurthunvachinda
430,"[2/18/18, 1:09:22 PM",Tejaswini, Hahahah
431,"[2/18/18, 1:09:26 PM",Tejaswini, Vadu bajjunada
432,"[2/18/18, 1:09:36 PM",Divya, Inka ledhe
433,"[2/18/18, 1:09:42 PM",Divya, Evaru ame
434,"[2/18/18, 1:09:45 PM",Tejaswini, Pabbi I<NASCII>m cmng on 9th 24 th varaku unta
435,"[2/18/18, 1:09:48 PM",Tejaswini, Vasa
436,"[2/18/18, 1:10:04 PM",Divya, Ohh.. Vasa ki pelli aipoindhhaaa
437,"[2/18/18, 1:10:14 PM",Tejaswini, Engagement pelli march lo
438,"[2/18/18, 1:10:27 PM",Divya, Okay..anantapur lone untaava
439,"[2/18/18, 1:10:33 PM",Tejaswini, Ya mostly
440,"[2/18/18, 1:10:42 PM",Divya, Okk
441,"[2/18/18, 1:10:49 PM",Tejaswini, Inkoncham 2 days lo pakka schedule cheptha
442,"[2/18/18, 1:10:55 PM",Divya, Ok ma
443,"[2/18/18, 1:11:04 PM",Tejaswini, K gudnyt
444,"[2/18/18, 1:11:09 PM",Tejaswini, Repu matladtha paduko
445,"[2/18/18, 1:11:14 PM",Divya, Teja iphone x entha padthundhi akkada
446,"[2/18/18, 1:19:23 PM",Tejaswini, 70k
447,"[2/18/18, 1:19:40 PM",Divya, Ohh.. Ippudu series lo edhi best
448,"[2/18/18, 1:25:33 PM",Tejaswini, Wait chusi cheptah
449,"[2/18/18, 1:25:42 PM",Divya, Ok
450,"[2/18/18, 1:27:37 PM",Tejaswini, 45k 7 plus 32gb
451,"[2/18/18, 1:28:03 PM",Tejaswini, 52k 7plus 128gb
452,"[2/18/18, 1:28:31 PM",Divya, 7 plus better
453,"[2/18/18, 1:29:27 PM",Tejaswini, 54k 8 plus 64 gb
454,"[2/18/18, 9:22:36 PM",Divya, Seminar ka dress code
455,"[2/18/18, 9:50:29 PM",Tejaswini, Career fair ki
456,"[2/18/18, 11:56:42 PM",Divya, Ohhhhh
457,"[2/19/18, 4:55:26 AM",Divya, Teja.. Vipanchi ki mrg aipoyi papa kuda puttindhi antane
458,"[2/19/18, 6:45:30 AM",Tejaswini, Evaritho
459,"[2/19/18, 6:54:32 AM",Divya, Ajay thone anta
460,"[2/20/18, 5:08:51 AM",Divya, <NASCII>image omitted
461,"[2/20/18, 8:34:00 AM",Divya, <NASCII>Missed voice call
462,"[2/20/18, 8:41:31 AM",Tejaswini, Papa I will cal u in my evening I have xam now reading
463,"[2/20/18, 8:41:49 AM",Divya, K ma Study well
464,"[2/21/18, 8:38:48 AM",Divya, <NASCII>image omitted
465,"[2/21/18, 8:45:22 AM",Divya, Ento mana batch abbayilu started marriages
466,"[2/22/18, 10:16:05 AM",Divya, Papa.. Nee india plan from 4th to 24 ahh
467,"[2/22/18, 10:28:51 AM",Tejaswini, No 7th ante 9 th vasthay
468,"[2/22/18, 10:28:59 AM",Tejaswini, Vastha indiaki *
469,"[2/22/18, 10:33:36 AM",Divya, Okk.. Eppati varaku untav
470,"[2/22/18, 10:43:06 AM",Tejaswini, 24th
471,"[2/22/18, 10:44:10 AM",Divya, Okk.. Nenu eh dates lo plan cheskunte better.. Ante nuv stamping ki adhi kani velthava
472,"[2/22/18, 10:44:33 AM",Tejaswini, 14th ala
473,"[2/22/18, 10:44:45 AM",Divya, K ne..Em dng
474,"[2/22/18, 10:46:56 AM",Tejaswini, Edho project ki research chesthuna
475,"[2/25/18, 8:05:46 AM",Divya, <NASCII>image omitted
476,"[2/25/18, 9:07:51 AM",Divya, <NASCII>image omitted
477,"[2/25/18, 9:11:39 AM",Tejaswini, <NASCII>
478,"[2/26/18, 1:19:37 PM",Divya, <NASCII>image omitted
479,"[2/27/18, 11:45:51 AM",Divya, <NASCII>video omitted
480,"[3/3/18, 2:38:08 AM",Divya, <NASCII>video omitted
481,"[3/3/18, 2:38:09 AM",Divya, <NASCII>video omitted
482,"[3/3/18, 2:38:24 AM",Divya, Naa koduku chudu..
483,"[3/3/18, 2:39:22 AM",Divya, <NASCII>image omitted
484,"[3/3/18, 2:39:22 AM",Divya, <NASCII>image omitted
485,"[3/3/18, 10:43:35 AM",Divya, <NASCII>Missed voice call
486,"[3/3/18, 10:44:35 AM",Tejaswini, Pabbi cal me
487,"[3/3/18, 12:56:19 PM",Divya, <NASCII>image omitted
488,"[3/4/18, 10:57:13 AM",Divya, Em dng
489,"[3/4/18, 11:13:44 AM",Tejaswini, Hii pabbi
490,"[3/4/18, 11:13:50 AM",Tejaswini, Chadiving
491,"[3/4/18, 11:18:41 AM",Divya, Y .. Xam ahh
492,"[3/4/18, 11:18:53 AM",Tejaswini, ya paps
493,"[3/4/18, 11:19:24 AM",Divya, Ohh...Gudd gud Keep gng<NASCII>
494,"[3/4/18, 11:19:39 AM",Tejaswini, em gud ooo
495,"[3/9/18, 5:09:52 AM",Divya, Hii ye
496,"[3/9/18, 4:51:43 PM",Tejaswini, Hii divya
497,"[3/9/18, 10:12:23 PM",Divya, Anantapur ki ochesava
498,"[3/9/18, 10:30:14 PM",Tejaswini, Ya ochesana
499,"[3/9/18, 10:34:37 PM",Divya, Avnaaa
500,"[3/9/18, 10:35:27 PM",Divya, iPhone amount transfer chestha.. Account no pettave
501,"[3/9/18, 11:44:54 PM",Tejaswini, Ya chesthane repu estha ok na
502,"[3/9/18, 11:45:03 PM",Tejaswini, Monday estha account details
503,"[3/9/18, 11:58:08 PM",Divya, Ok ne
504,"[3/10/18, 12:20:08 AM",Divya, <NASCII>Missed voice call
505,"[3/10/18, 12:19:04 AM",Divya, Teja
506,"[3/10/18, 12:24:01 AM",Divya, Memu flat teesukunname
507,"[3/10/18, 12:24:09 AM",Divya, 3bh
508,"[3/10/18, 12:24:31 AM",Divya, <NASCII>image omitted
509,"[3/12/18, 7:42:49 AM",Divya, Teja.. Nenu Wednesday anantapur ku osthunnane
510,"[3/12/18, 8:33:10 AM",Divya, <NASCII>Missed voice call
511,"[3/12/18, 6:47:23 PM",Tejaswini, Pabbi
512,"[3/12/18, 6:47:28 PM",Tejaswini, Super newss
513,"[3/12/18, 7:11:45 PM",Tejaswini, Ok vachesey na phone Available lo lekapothey 9440304625 ma amma num dheeniki cal cheyava
514,"[3/12/18, 11:13:06 PM",Divya, K ne
515,"[3/12/18, 11:13:06 PM",Divya, Nenu repu start avthanu.. Thursday mrng ki ostha akkadiki.. Prashanti ki teesukunna..
516,"[3/13/18, 12:04:20 AM",Tejaswini, Ohk papa sure ya mrng 6-7 madhayalo vasthundi ekadiki
517,"[3/13/18, 12:06:00 AM",Divya, Haaa
518,"[3/13/18, 12:07:05 AM",Tejaswini, Ohkk vachesey
519,"[3/13/18, 12:07:14 AM",Divya, <NASCII>
520,"[3/13/18, 12:07:17 AM",Tejaswini, Entha padindi flat
521,"[3/13/18, 12:07:44 AM",Divya, 58l ..
522,"[3/13/18, 12:08:03 AM",Divya, With registration 62l
523,"[3/13/18, 12:08:30 AM",Divya, Edaina 75 avthadhe with cupboards and furniture
524,"[3/13/18, 12:08:31 AM",Tejaswini, Wowww <NASCII>
525,"[3/13/18, 12:09:02 AM",Tejaswini, Evaru petkuntunaru antha
526,"[3/13/18, 12:09:28 AM",Divya, Half nenu Half maa aayana
527,"[3/13/18, 6:42:13 AM",Tejaswini, Ohkkk <NASCII>
528,"[3/13/18, 6:42:45 AM",Tejaswini, Entha square feet n main area na antha costly ga undi price
529,"[3/13/18, 6:43:12 AM",Divya, Avne.. 1450 sq ft
530,"[3/13/18, 6:43:23 AM",Divya, Haa..area konchm costly ne
531,"[3/13/18, 6:43:41 AM",Divya, Aina ippudu kkd lo rates baaga perigipoyayi
532,"[3/13/18, 6:43:44 AM",Tejaswini, No problem le okati unte better
533,"[3/13/18, 6:43:49 AM",Divya, Hmm
534,"[3/13/18, 6:44:02 AM",Tejaswini, Epudu shift avthunaru aythey
535,"[3/13/18, 6:44:18 AM",Divya, Inka cupboards cheyinchali
536,"[3/13/18, 6:44:23 AM",Divya, Mstly in may
537,"[3/13/18, 6:44:36 AM",Tejaswini, Opening eppudu??
538,"[3/13/18, 6:45:02 AM",Divya, Telidhe inka muhurtham pettaledhu
539,"[3/13/18, 6:45:14 AM",Divya, Naaku telsi may lone untadhe
540,"[3/14/18, 5:16:31 AM",Divya, <NASCII>Missed voice call
541,"[3/16/18, 9:35:07 AM",Tejaswini, oligalu
542,"[3/16/18, 10:05:09 AM",Divya, Evng digina pics pampe
543,"[3/16/18, 11:16:56 AM",Divya, <NASCII>image omitted
544,"[3/16/18, 11:16:57 AM",Divya, <NASCII>image omitted
545,"[3/16/18, 11:17:02 AM",Divya, Idharu pillalu
546,"[3/16/18, 11:44:58 PM",Divya, <NASCII>Missed voice call
547,"[3/17/18, 1:16:19 AM",Tejaswini, Reached????
548,"[3/17/18, 2:24:08 AM",Divya, Haa...Jst now
549,"[3/17/18, 5:49:39 AM",Tejaswini, Y so late
550,"[3/17/18, 5:50:06 AM",Divya, 1hr late train
551,"[3/17/18, 5:50:23 AM",Tejaswini, Oh anthena
552,"[3/17/18, 5:50:30 AM",Tejaswini, Ela unnadu chinnodu
553,"[3/17/18, 5:50:30 AM",Divya, Haaa
554,"[3/17/18, 5:50:40 AM",Divya, Bane unnade
555,"[3/17/18, 5:50:44 AM",Divya, Adukuntnadu
556,"[3/17/18, 5:50:47 AM",Tejaswini, Ninna nyt padukunada vadu
557,"[3/17/18, 5:50:55 AM",Divya, Haaa
558,"[3/17/18, 5:51:00 AM",Divya, 11 ke
559,"[3/17/18, 5:51:34 AM",Divya, <NASCII>image omitted
560,"[3/17/18, 5:51:35 AM",Divya, <NASCII>image omitted
561,"[3/17/18, 6:55:44 AM",Tejaswini, Bhale unnade
562,"[3/17/18, 9:18:39 AM",Divya, <NASCII>
563,"[3/17/18, 9:18:51 AM",Divya, Ninna evng pics pampinchave
564,"[3/18/18, 1:54:58 AM",Divya, <NASCII>image omitted
565,"[3/18/18, 8:04:58 AM",Tejaswini, Happy ugadi divya
566,"[3/21/18, 7:46:10 AM",Divya, Hii ye
567,"[3/26/18, 4:17:03 AM",Divya, Papa
568,"[3/26/18, 4:17:06 AM",Divya, Reached ahh
569,"[3/26/18, 4:21:28 AM",Tejaswini, Ya pabbi
570,"[3/26/18, 4:21:36 AM",Divya, Wen
571,"[3/26/18, 4:21:57 AM",Tejaswini, Meeku evala mrng
572,"[3/26/18, 4:22:23 AM",Divya, Kkk
573,"[3/26/18, 4:25:17 AM",Divya, Em dng
574,"[3/26/18, 4:25:26 AM",Divya, Y still awake
575,"[3/29/18, 12:53:47 AM",Divya, Der
576,"[4/8/18, 9:50:48 AM",Tejaswini, Hii pabbi
577,"[4/8/18, 9:51:04 AM",Tejaswini, I was busy sry papa so that apatinundi ping cheyaledhu
578,"[4/8/18, 9:56:49 AM",Divya, Parvaledhe
579,"[4/8/18, 10:00:28 AM",Tejaswini, Em dng
580,"[4/8/18, 10:00:45 AM",Divya, Em ledhe
581,"[4/8/18, 10:00:48 AM",Divya, Nuvvu
582,"[4/8/18, 10:01:02 AM",Tejaswini, Eppude lecha inka
583,"[4/8/18, 10:01:40 AM",Divya, No weekend specials ahh
584,"[4/8/18, 10:05:45 AM",Tejaswini, Evaro intiki vastharu anta velli vanta cheyali ye
585,"[4/8/18, 10:08:32 AM",Divya, Frns ahh
586,"[4/8/18, 10:16:47 AM",Tejaswini, Yaaa
587,"[4/8/18, 10:17:04 AM",Divya, Hmm... enjoy
588,"[4/11/18, 12:21:35 PM",Tejaswini, Der
589,"[4/12/18, 12:57:18 AM",Divya, Hii ye
590,"[4/12/18, 8:27:26 AM",Tejaswini, Cal me
591,"[4/12/18, 10:11:49 AM",Divya, Busy ne
592,"[4/12/18, 10:11:50 AM",Divya, Will cal u later
593,"[4/19/18, 9:00:53 AM",Divya, <NASCII>image omitted
594,"[4/19/18, 9:00:54 AM",Divya, <NASCII>image omitted
595,"[4/19/18, 9:00:55 AM",Divya, <NASCII>image omitted
596,"[4/19/18, 9:00:56 AM",Divya, <NASCII>image omitted
597,"[4/19/18, 9:14:38 AM",Tejaswini, Congratulations Divya for ur new house <NASCII>
598,"[4/19/18, 9:16:59 AM",Tejaswini, Chinodi n ur red saree is good
599,"[4/19/18, 10:21:59 AM",Tejaswini, Pabbi red saree lo super unnav go for dark colors only from next tym
600,"[4/19/18, 10:22:23 AM",Tejaswini, I donw y u luk lyk me in some pics in red saree <NASCII>
601,"[4/19/18, 10:28:53 AM",Divya, <NASCII>
602,"[4/19/18, 11:46:22 PM",Divya, Andhariki red pichi pichi va nachindhe
603,"[4/19/18, 11:46:39 PM",Divya, Adhi asala costly ne kadhu
604,"[4/22/18, 10:35:00 PM",Divya, Hii ye
605,"[4/24/18, 11:37:18 PM",Tejaswini, <NASCII>image omitted
606,"[4/25/18, 12:02:24 AM",Divya, Kadhe.. Mana batch
607,"[4/25/18, 12:02:32 AM",Divya, Ece
608,"[4/25/18, 12:02:44 AM",Divya, Varshiitha valla class anukunta
609,"[4/25/18, 12:05:15 AM",Tejaswini, Ohhh avna ok
610,"[4/25/18, 12:05:24 AM",Divya, Hmm
611,"[5/6/18, 12:29:37 PM",Divya, <NASCII>Missed voice call
612,"[5/6/18, 1:02:21 PM",Tejaswini, Pabbi I will cal u papa
613,"[5/6/18, 1:02:27 PM",Tejaswini, I got call from college
614,"[5/6/18, 1:11:16 PM",Divya, Kk
615,"[5/8/18, 1:01:24 AM",Divya, <NASCII>image omitted
616,"[5/8/18, 1:01:29 AM",Divya, Dany mrg
617,"[5/8/18, 6:25:24 AM",Tejaswini, Wow
618,"[5/8/18, 6:25:39 AM",Tejaswini, Dany pelli na evaritho
619,"[5/8/18, 8:33:50 AM",Divya, Peach colour half saree
620,"[5/8/18, 8:34:53 AM",Tejaswini, Ohh avna
621,"[5/8/18, 8:34:58 AM",Tejaswini, Lucky gal
622,"[5/8/18, 8:35:08 AM",Tejaswini, How do I know papa
623,"[5/8/18, 9:03:05 AM",Divya, U mean me
624,"[5/8/18, 9:07:27 AM",Tejaswini, Yes
625,"[5/8/18, 9:07:30 AM",Tejaswini, U
626,"[5/8/18, 10:10:54 AM",Divya, Saw in FB
627,"[5/8/18, 10:42:43 AM",Divya, Hmm...thanu kadhe bride
628,"[5/8/18, 10:43:04 AM",Divya, Thanu Dany sister anukunta
629,"[5/8/18, 10:50:42 AM",Tejaswini, Ya true naku endhuko doubt
630,"[5/8/18, 10:50:59 AM",Divya, Hmm
631,"[5/8/18, 10:52:01 AM",Divya, <NASCII>image omitted
632,"[5/8/18, 10:52:42 AM",Tejaswini, Ohh
633,"[5/8/18, 10:52:57 AM",Tejaswini, Sadika phat aaa aythey
634,"[5/8/18, 11:28:21 AM",Divya, Haaa
635,"[5/11/18, 3:25:54 AM",Divya, <NASCII>image omitted
636,"[5/11/18, 7:11:05 AM",Tejaswini, Adhem combination ye babu
637,"[5/11/18, 7:12:33 AM",Tejaswini, What happend to him
638,"[5/11/18, 7:44:22 AM",Divya, Adhe kadha
639,"[5/11/18, 7:46:14 AM",Tejaswini, Entey asal entey asale bagunde abhayilu thakkuva malli elanti amayilanu cheskunte elane babu
640,"[5/11/18, 7:46:39 AM",Tejaswini, No offense amayi medha but he deserves better gals
641,"[5/11/18, 8:49:58 AM",Divya, Hmm...kala unna bavunnu
642,"[5/11/18, 8:50:17 AM",Divya, Edo reason untadhi behind the marriage
643,"[5/11/18, 2:23:16 PM",Divya, Frankly speaking i expected the gorgeous <NASCII> bride
644,"[5/11/18, 2:23:46 PM",Divya, Sadhika ki punch padela untadhi anukunna
645,"[5/15/18, 1:39:45 PM",Divya, Hii
646,"[5/23/18, 8:29:22 AM",Divya, Hiii
647,"[5/23/18, 9:58:49 AM",Divya, <NASCII>image omitted
648,"[5/23/18, 10:02:25 AM",Tejaswini, Sanaga ayyade
649,"[5/23/18, 10:02:40 AM",Tejaswini, Happy for them
650,"[5/23/18, 10:02:57 AM",Tejaswini, Aa pillakosame putinchinattunadu
651,"[5/23/18, 10:16:57 AM",Divya, Haa... Their profile pics are lyk post wedding photographies..
652,"[5/25/18, 1:53:23 PM",Divya, Happy birthday vamsi<NASCII>
653,"[5/25/18, 1:53:31 PM",Divya, Convey my wishes
654,"[5/27/18, 9:46:20 AM",Divya, <NASCII>image omitted
655,"[6/1/18, 11:12:28 AM",Divya, Chinnodiki dinner pedthunna
656,"[6/1/18, 11:12:33 AM",Divya, Will call u later
657,"[6/1/18, 12:56:50 PM",Divya, <NASCII>Missed voice call
658,"[6/1/18, 1:45:52 PM",Tejaswini, In office
659,"[6/1/18, 1:45:54 PM",Tejaswini, Papa
660,"[6/2/18, 12:37:34 AM",Divya, K
661,"[6/3/18, 1:38:55 PM",Tejaswini, Papa der
662,"[6/3/18, 2:08:40 PM",Divya, Yaa...papa
663,"[6/3/18, 2:08:43 PM",Divya, Wat dng
664,"[6/4/18, 6:43:14 AM",Divya, <NASCII>image omitted
665,"[6/4/18, 6:43:32 AM",Divya, Naa kodukulu chudu.. Lovers aipoyaru
666,"[6/4/18, 6:43:34 AM",Divya, <NASCII>
667,"[6/6/18, 9:48:41 AM",Divya, <NASCII>Missed voice call
668,"[6/6/18, 11:05:43 AM",Tejaswini, Divya I will cal around 8.30 k na
669,"[6/6/18, 11:05:57 AM",Tejaswini, I mean inko 20 min lo
670,"[6/6/18, 11:06:16 AM",Divya, Ok
671,"[6/24/18, 1:29:43 PM",Divya, Der
672,"[6/24/18, 1:30:13 PM",Tejaswini, Ya pabbi
673,"[6/24/18, 1:30:25 PM",Divya, Busy ahh
674,"[6/24/18, 1:30:32 PM",Tejaswini, No
675,"[6/24/18, 2:27:28 PM",Tejaswini, <NASCII>image omitted
676,"[6/24/18, 2:27:42 PM",Divya, Haa..chusa
677,"[6/24/18, 2:27:53 PM",Divya, She became chubby
678,"[6/24/18, 2:28:01 PM",Tejaswini, Yaaa
679,"[6/24/18, 2:29:24 PM",Tejaswini, Chala change anipisthondi kadha
680,"[6/24/18, 2:29:30 PM",Divya, Yaaa
681,"[6/24/18, 2:31:14 PM",Divya, <NASCII>image omitted
682,"[6/24/18, 2:42:38 PM",Tejaswini, Super undhe ekada dhorikindi
683,"[6/24/18, 2:42:49 PM",Divya, Fb lo
684,"[6/24/18, 2:43:02 PM",Tejaswini, Whose fb
685,"[6/24/18, 2:43:07 PM",Divya, Mine
686,"[6/24/18, 2:43:14 PM",Tejaswini, Wow
687,"[6/24/18, 2:43:20 PM",Tejaswini, Inkemana unnaya
688,"[6/24/18, 2:43:23 PM",Divya, I had our tour pics
689,"[6/24/18, 2:43:24 PM",Divya, Ha
690,"[6/24/18, 2:43:58 PM",Divya, <NASCII>image omitted
691,"[6/24/18, 2:44:09 PM",Divya, <NASCII>image omitted
692,"[6/24/18, 2:44:23 PM",Divya, <NASCII>image omitted
693,"[6/24/18, 2:45:10 PM",Divya, <NASCII>image omitted
694,"[6/24/18, 2:46:32 PM",Tejaswini, Ravi pics leva <NASCII>
695,"[6/24/18, 2:46:38 PM",Divya, Leve
696,"[6/24/18, 9:41:13 PM",Divya, <NASCII>image omitted
697,"[6/24/18, 9:49:51 PM",Tejaswini, Seriously papam ye I think that guys is from very gud family
698,"[6/24/18, 9:50:28 PM",Divya, Yaa...his father is well educated
699,"[6/24/18, 9:51:04 PM",Tejaswini, Adhey kadha
700,"[6/29/18, 3:04:29 AM",Divya, <NASCII>image omitted
701,"[6/29/18, 3:04:33 AM",Divya, Hmm
702,"[7/1/18, 12:21:04 AM",Divya, <NASCII>image omitted
703,"[7/1/18, 2:48:08 AM",Tejaswini, Who is that luking scary
704,"[7/1/18, 2:48:31 AM",Tejaswini, Siddarth yedida?
705,"[7/1/18, 2:52:24 AM",Divya, Yessss
706,"[7/1/18, 1:59:43 PM",Tejaswini, Entey babu
707,"[7/1/18, 1:59:52 PM",Tejaswini, Vaadu vaadu makeup
708,"[7/1/18, 2:00:09 PM",Divya, Galij unnadu
709,"[7/1/18, 2:00:18 PM",Divya, See his expression
710,"[7/1/18, 2:00:25 PM",Divya, Didn't change at all
711,"[7/1/18, 2:18:50 PM",Tejaswini, Exactly
712,"[7/1/18, 2:19:04 PM",Tejaswini, Dhaniki addition ga kajal ente babu
713,"[7/1/18, 2:19:26 PM",Divya, Hmm... Brahmins kadha emanna acharam emo
714,"[7/1/18, 2:19:34 PM",Tejaswini, Vaadini chisthuntey movie lo villan guthosthunadu
715,"[7/1/18, 2:20:00 PM",Tejaswini, Aa pilla us abhayi ani kakruthi padinatundhi
716,"[7/1/18, 2:20:18 PM",Divya, Villans are looking smart these days
717,"[7/1/18, 2:20:27 PM",Divya, Comedian la unnadu
718,"[7/1/18, 2:20:38 PM",Divya, Haa.. adhe anukunta
719,"[7/1/18, 2:21:32 PM",Tejaswini, Kaadhey okadu laavuga pulla notlo pettukoni lakshmi movie lo galiz saale antu untadu chudu vaadila unnade
720,"[7/1/18, 2:22:19 PM",Divya, <NASCII>image omitted
721,"[7/1/18, 2:22:27 PM",Tejaswini, Yes
722,"[7/1/18, 2:22:49 PM",Divya, Nammav asala mrng nenu adhe anukunna
723,"[7/1/18, 2:23:00 PM",Tejaswini, Hahah <NASCII>
724,"[7/1/18, 2:23:04 PM",Divya, Andhuke nuv anna ventane catch chesanu
725,"[7/1/18, 2:23:15 PM",Tejaswini, Adhe kadha dame
726,"[7/1/18, 2:23:43 PM",Tejaswini, E danni ki aa pillaku veelaku kallu ekada poyaye
727,"[7/1/18, 2:25:17 PM",Divya, Hmm...prema guddidhe
728,"[7/1/18, 2:25:51 PM",Divya, Aina vaadu full settled kadha foreign lo
729,"[7/1/18, 2:32:42 PM",Tejaswini, Em full settler ye babu
730,"[7/1/18, 2:32:54 PM",Tejaswini, Normal h1b undi and fulltime that<NASCII>s it
731,"[7/1/18, 2:33:06 PM",Divya, Hmm
732,"[7/1/18, 2:33:09 PM",Tejaswini, Normal settled just like others
733,"[7/1/18, 2:33:27 PM",Divya, Hmm... ippudu adhe better option la undhi
734,"[7/1/18, 2:33:45 PM",Divya, India lo chala kastam ga undhi..projects leka
735,"[7/1/18, 2:33:54 PM",Tejaswini, Avna
736,"[7/1/18, 2:34:22 PM",Divya, Core job aithe parledhu kani software vallu pedha biscuit avthunnaru chala mandhi
737,"[7/4/18, 12:11:47 AM",Divya, Hii da
738,"[7/4/18, 2:06:46 AM",Tejaswini, Papa
739,"[7/4/18, 2:06:50 AM",Tejaswini, Hw r u
740,"[7/4/18, 2:09:12 AM",Divya, Fyn ya
741,"[7/4/18, 2:09:21 AM",Divya, Nuv ela unnav
742,"[7/4/18, 2:13:05 AM",Tejaswini, 5ne papa
743,"[7/5/18, 11:47:42 AM",Divya, <NASCII>Missed voice call
744,"[7/5/18, 12:00:44 PM",Divya, <NASCII>Missed voice call
745,"[7/13/18, 2:22:20 AM",Divya, Hii da
746,"[7/13/18, 2:22:25 AM",Divya, Der
747,"[7/13/18, 11:23:04 AM",Divya, <NASCII>image omitted
748,"[7/13/18, 11:23:07 AM",Divya, Kfc in kkd
749,"[7/13/18, 11:23:33 AM",Divya, <NASCII>image omitted
750,"[7/13/18, 11:47:11 AM",Tejaswini, Which restaurant is that
751,"[7/13/18, 12:43:22 PM",Divya, Kfc
752,"[7/14/18, 10:10:06 AM",Divya, Hii ye
753,"[7/14/18, 10:10:08 AM",Divya, Der??
754,"[7/14/18, 10:10:38 AM",Divya, Antique jewellery 1 gram vi.. Unde online site telusa
755,"[7/16/18, 12:19:31 PM",Divya, <NASCII>image omitted
756,"[7/16/18, 12:19:33 PM",Divya, <NASCII>image omitted
757,"[7/16/18, 12:19:34 PM",Divya, <NASCII>image omitted
758,"[7/16/18, 12:19:36 PM",Divya, Eh type kavale
759,"[7/16/18, 1:47:58 PM",Tejaswini, 1st one
760,"[7/16/18, 7:43:26 PM",Tejaswini, <NASCII>image omitted
761,"[7/16/18, 10:44:09 PM",Divya, <NASCII>image omitted
762,"[7/16/18, 10:44:18 PM",Divya, Naadhi idhi
763,"[7/16/18, 10:48:04 PM",Tejaswini, Em typ of cloth adhi
764,"[7/16/18, 10:48:13 PM",Divya, Organza ne
765,"[7/16/18, 10:48:33 PM",Divya, Folds valla ala undhi
766,"[7/16/18, 10:48:37 PM",Tejaswini, Paina manushi veskoindedhi
767,"[7/16/18, 10:49:34 PM",Divya," Adhi orgganza ne.. Organza lo types unnayi anukunta Organza silk,organza net, organza lenin ala"
768,"[7/16/18, 11:43:32 PM",Tejaswini, Ohh ok got it
769,"[7/16/18, 11:45:05 PM",Tejaswini, Adhi silk organza anta
770,"[7/16/18, 11:45:14 PM",Divya, Haaa
771,"[7/16/18, 11:45:22 PM",Divya, Naadhi lenin
772,"[7/16/18, 11:48:07 PM",Divya, <NASCII>image omitted
773,"[7/16/18, 11:51:12 PM",Tejaswini, Ohhh ok got it
774,"[7/17/18, 12:06:50 PM",Divya, <NASCII>video omitted
775,"[7/17/18, 12:06:51 PM",Divya, <NASCII>video omitted
776,"[7/19/18, 3:34:28 AM",Divya, Omg... Pradeep machiraju is the wild card entry in bb
777,"[7/19/18, 7:52:05 AM",Divya, Sry as guest anta
778,"[7/21/18, 12:25:50 AM",Divya, Wat dng
779,"[7/21/18, 12:27:34 AM",Tejaswini, Kaali papa
780,"[7/21/18, 12:27:38 AM",Tejaswini, Tv chusthuna
781,"[7/22/18, 11:34:11 PM",Divya, <NASCII>image omitted
782,"[7/22/18, 11:34:12 PM",Divya, <NASCII>image omitted
783,"[7/22/18, 11:34:12 PM",Divya, <NASCII>image omitted
784,"[7/22/18, 11:34:13 PM",Divya, <NASCII>image omitted
785,"[7/22/18, 11:34:14 PM",Divya, <NASCII>image omitted
786,"[7/22/18, 11:34:14 PM",Divya, <NASCII>image omitted
787,"[7/22/18, 11:34:15 PM",Divya, <NASCII>image omitted
788,"[7/22/18, 11:34:15 PM",Divya, <NASCII>image omitted
789,"[7/22/18, 11:34:16 PM",Divya, <NASCII>image omitted
790,"[7/22/18, 11:34:17 PM",Divya, <NASCII>image omitted
791,"[7/22/18, 11:34:17 PM",Divya, <NASCII>image omitted
792,"[7/22/18, 11:34:18 PM",Divya, <NASCII>image omitted
793,"[7/22/18, 11:34:19 PM",Divya, <NASCII>image omitted
794,"[7/22/18, 11:34:19 PM",Divya, <NASCII>image omitted
795,"[7/22/18, 11:34:21 PM",Divya, Itla ochaye cupboards
796,"[7/22/18, 11:54:22 PM",Tejaswini, Frank review evala
797,"[7/22/18, 11:54:31 PM",Tejaswini, Fake review like others evala
798,"[7/22/18, 11:54:34 PM",Tejaswini, <NASCII>
799,"[7/23/18, 12:23:52 AM",Divya, <NASCII>This message was deleted.
800,"[7/23/18, 12:24:11 AM",Divya, <NASCII>This message was deleted.
801,"[7/23/18, 12:57:44 AM",Divya, Asala review ne odhu... Maaku nachi cheyinchukunnam
802,"[7/23/18, 1:25:52 AM",Tejaswini, No kitchen was too gud papa it was Juz like the one I saw in pics <NASCII>
803,"[7/23/18, 1:36:38 AM",Divya, OhhhI thought you didn't lyk..Andhuke cheppadhu anna<NASCII>
804,"[7/23/18, 2:01:42 AM",Tejaswini, I know andhuke ala Start chesa<NASCII> no it<NASCII>s really too gud
805,"[7/23/18, 2:42:05 AM",Divya, Padukoledhaaa
806,"[7/23/18, 2:42:07 AM",Divya, Inkanu
807,"[7/23/18, 4:01:05 AM",Divya, https://youtu.be/dhxO8UHVkcA
808,"[7/23/18, 9:53:10 AM",Tejaswini, Ya chusa ninna nyt
809,"[7/23/18, 10:06:50 AM",Divya, Ohh...nene miss ayyana
810,"[7/24/18, 9:24:50 AM",Divya, <NASCII>video omitted
811,"[7/24/18, 9:25:12 AM",Divya, See how easily kids get addicted to fast foods
812,"[7/24/18, 10:20:11 AM",Tejaswini, Xactly papa wait I will send one video it tells more abt it
813,"[7/24/18, 10:20:31 AM",Tejaswini, <NASCII>video omitted
814,"[7/24/18, 10:48:14 AM",Divya, Yaa...i saw this
815,"[7/25/18, 1:52:09 PM",Divya, <NASCII>image omitted
816,"[7/25/18, 1:54:45 PM",Tejaswini, Hammaya ekada bhane unnaru babu
817,"[7/25/18, 1:55:28 PM",Divya, <NASCII>image omitted
818,"[7/31/18, 9:17:19 AM",Divya, <NASCII>image omitted
819,"[8/5/18, 1:02:15 AM",Divya, <NASCII>Missed voice call
820,"[8/5/18, 1:03:31 AM",Divya, Happy friendship day
821,"[8/5/18, 7:29:04 AM",Divya, <NASCII>image omitted
822,"[8/14/18, 1:57:38 AM",Divya, Hii
823,"[8/24/18, 4:53:12 AM",Tejaswini, Pabbi u dint wish me <NASCII>
824,"[8/24/18, 4:55:32 AM",Divya, U know...i was just about to message u
825,"[9/6/18, 1:33:50 PM",Tejaswini, Pabbi der
826,"[9/6/18, 11:03:04 PM",Divya, Hii ye
827,"[9/7/18, 12:07:19 PM",Tejaswini, Papa der
828,"[9/8/18, 1:11:13 AM",Divya, Back to home ahh
829,"[9/9/18, 1:30:03 PM",Divya, Der
830,"[9/9/18, 1:38:01 PM",Tejaswini, Pabbi
831,"[9/9/18, 1:38:11 PM",Tejaswini, Der But came to saw appartments
832,"[9/9/18, 2:17:11 PM",Divya, Ohh.. kk
833,"[9/9/18, 2:17:18 PM",Divya, Catch u later
834,"[9/10/18, 10:01:46 AM",Tejaswini, Papa der
835,"[9/10/18, 10:02:02 AM",Divya, Haaa...
836,"[9/10/18, 10:02:09 AM",Divya, Bayata unna
837,"[9/10/18, 10:02:16 AM",Divya, Will cal in few mins
838,"[9/10/18, 10:02:42 AM",Tejaswini, K papa
839,"[9/11/18, 1:22:56 AM",Divya, <NASCII>Missed voice call
840,"[9/11/18, 7:13:56 AM",Divya, Der??
841,"[9/16/18, 1:44:52 PM",Tejaswini, Pabbi der
842,"[9/20/18, 4:52:34 AM",Divya, Papa der
843,"[9/23/18, 9:33:01 AM",Tejaswini, Super awsme undi pabbi
844,"[9/23/18, 9:33:08 AM",Tejaswini, House interiors anni
845,"[9/23/18, 9:33:30 AM",Tejaswini, I don<NASCII>t expect mari entha bhaga vasthondi ani I was really good
